rank,file,t_sec,score,U,A,D,n_boxes,n_ambiguous,empty,selected
1,frame_0031.jpg,12.4,0.7759,0.7319,0.7,1.0,8,7,False,True
2,frame_0328.jpg,131.2,0.7526,0.8731,1.0,0.08,12,10,False,True
3,frame_0068.jpg,27.2,0.741,0.7821,0.5,1.0,9,5,False,True
4,frame_0000.jpg,0.0,0.7389,0.7177,0.6,1.0,10,6,False,True
5,frame_0073.jpg,29.2,0.719,0.7381,0.5,1.0,8,5,False,True
6,frame_0002.jpg,0.8,0.7186,0.7372,0.5,1.0,9,5,False,False
7,frame_0127.jpg,50.8,0.7127,0.8053,0.5,0.8,9,5,False,True
8,frame_0377.jpg,150.8,0.7107,0.8934,0.8,0.12,10,8,False,True
9,frame_0074.jpg,29.6,0.7058,0.7116,0.5,1.0,7,5,False,False
10,frame_0075.jpg,30.0,0.6746,0.6053,0.6,0.96,7,6,False,False
11,frame_0129.jpg,51.6,0.6688,0.7456,0.4,0.88,8,4,False,False
12,frame_0071.jpg,28.4,0.6674,0.6948,0.4,1.0,7,4,False,False
13,frame_0067.jpg,26.8,0.6584,0.6768,0.4,1.0,9,4,False,False
14,frame_0030.jpg,12.0,0.6538,0.6076,0.5,1.0,6,5,False,False
15,frame_0291.jpg,116.4,0.6465,0.597,0.6,0.84,8,6,False,True
16,frame_0293.jpg,117.2,0.6459,0.6878,0.5,0.76,6,5,False,False
17,frame_0003.jpg,1.2,0.6403,0.6406,0.4,1.0,7,4,False,False
18,frame_0033.jpg,13.2,0.6373,0.5746,0.5,1.0,8,5,False,False
19,frame_0126.jpg,50.4,0.633,0.722,0.4,0.76,8,4,False,False
20,frame_0292.jpg,116.8,0.6315,0.763,0.3,0.8,7,3,False,False
21,frame_0070.jpg,28.0,0.631,0.682,0.3,1.0,6,3,False,False
22,frame_0283.jpg,113.2,0.631,0.814,0.4,0.52,5,4,False,True
23,frame_0277.jpg,110.8,0.6293,0.8466,0.5,0.28,7,5,False,True
24,frame_0231.jpg,92.4,0.6231,0.7623,0.7,0.16,8,7,False,True
25,frame_0388.jpg,155.2,0.6218,0.7596,0.7,0.16,9,7,False,True
26,frame_0080.jpg,32.0,0.6202,0.6364,0.5,0.76,5,5,False,False
27,frame_0072.jpg,28.8,0.6177,0.6553,0.3,1.0,7,3,False,False
28,frame_0378.jpg,151.2,0.6135,0.715,0.8,0.08,10,8,False,False
29,frame_0286.jpg,114.4,0.609,0.782,0.3,0.64,6,3,False,False
30,frame_0078.jpg,31.2,0.6049,0.5738,0.5,0.84,9,5,False,False
31,frame_0169.jpg,67.6,0.6026,0.6371,0.6,0.52,8,6,False,False
32,frame_0302.jpg,120.8,0.5948,0.7896,0.4,0.4,8,4,False,False
33,frame_0086.jpg,34.4,0.5935,0.679,0.5,0.52,6,5,False,False
34,frame_0329.jpg,131.6,0.5928,0.8537,0.5,0.08,11,5,False,False
35,frame_0367.jpg,146.8,0.5926,0.9131,0.4,0.08,9,4,False,False
36,frame_0013.jpg,5.2,0.5884,0.5969,0.3,1.0,4,3,False,False
37,frame_0276.jpg,110.4,0.5882,0.8404,0.4,0.24,10,4,False,False
38,frame_0202.jpg,80.8,0.5877,0.6953,0.4,0.6,5,4,False,False
39,frame_0133.jpg,53.2,0.587,0.594,0.3,1.0,8,3,False,False
40,frame_0297.jpg,118.8,0.5862,0.6925,0.4,0.6,7,4,False,False
41,frame_0168.jpg,67.2,0.5844,0.7047,0.4,0.56,6,4,False,False
42,frame_0376.jpg,150.4,0.5767,0.9095,0.3,0.16,10,3,False,False
43,frame_0113.jpg,45.2,0.5738,0.6917,0.6,0.24,8,6,False,False
44,frame_0007.jpg,2.8,0.5719,0.5638,0.3,1.0,5,3,False,False
45,frame_0131.jpg,52.4,0.5699,0.5158,0.4,0.96,5,4,False,False
46,frame_0301.jpg,120.4,0.5685,0.661,0.5,0.44,10,5,False,False
47,frame_0016.jpg,6.4,0.5668,0.4936,0.4,1.0,6,4,False,False
48,frame_0076.jpg,30.4,0.5666,0.5252,0.4,0.92,7,4,False,False
49,frame_0275.jpg,110.0,0.5652,0.6903,0.6,0.2,7,6,False,False
50,frame_0294.jpg,117.6,0.5651,0.6022,0.4,0.72,6,4,False,False
51,frame_0001.jpg,0.4,0.5643,0.5486,0.3,1.0,10,3,False,False
52,frame_0122.jpg,48.8,0.563,0.706,0.3,0.6,4,3,False,False
53,frame_0032.jpg,12.8,0.5624,0.5448,0.3,1.0,7,3,False,False
54,frame_0008.jpg,3.2,0.5615,0.6029,0.2,1.0,3,2,False,False
55,frame_0175.jpg,70.0,0.5615,0.771,0.4,0.28,7,4,False,False
56,frame_0395.jpg,158.0,0.5592,0.7104,0.6,0.12,8,6,False,False
57,frame_0375.jpg,150.0,0.5586,0.7972,0.4,0.2,9,4,False,False
58,frame_0390.jpg,156.0,0.5586,0.7852,0.5,0.08,8,5,False,False
59,frame_0015.jpg,6.0,0.5572,0.4744,0.4,1.0,6,4,False,False
60,frame_0207.jpg,82.8,0.5554,0.5507,0.4,0.8,4,4,False,False
61,frame_0123.jpg,49.2,0.5553,0.6746,0.3,0.64,5,3,False,False
62,frame_0018.jpg,7.2,0.5543,0.4686,0.4,1.0,5,4,False,False
63,frame_0318.jpg,127.2,0.5539,0.8918,0.2,0.24,9,2,False,False
64,frame_0304.jpg,121.6,0.5534,0.7388,0.4,0.32,6,4,False,False
65,frame_0026.jpg,10.4,0.5533,0.5266,0.3,1.0,4,3,False,False
66,frame_0298.jpg,119.2,0.553,0.7021,0.3,0.56,7,3,False,False
67,frame_0316.jpg,126.4,0.5528,0.7416,0.5,0.16,9,5,False,False
68,frame_0178.jpg,71.2,0.5512,0.7383,0.5,0.16,8,5,False,False
69,frame_0193.jpg,77.2,0.5505,0.765,0.4,0.24,7,4,False,False
70,frame_0130.jpg,52.0,0.5504,0.6127,0.2,0.92,4,2,False,False
71,frame_0167.jpg,66.8,0.5504,0.6209,0.4,0.6,6,4,False,False
72,frame_0284.jpg,113.6,0.5494,0.6948,0.3,0.56,5,3,False,False
73,frame_0268.jpg,107.2,0.5493,0.7665,0.5,0.08,6,5,False,False
74,frame_0095.jpg,38.0,0.5478,0.7916,0.4,0.16,7,4,False,False
75,frame_0397.jpg,158.8,0.5478,0.7756,0.4,0.2,9,4,False,False
76,frame_0229.jpg,91.6,0.5475,0.643,0.7,0.08,10,7,False,False
77,frame_0303.jpg,121.2,0.5422,0.7003,0.4,0.36,7,4,False,False
78,frame_0186.jpg,74.4,0.5409,0.6458,0.7,0.04,10,7,False,False
79,frame_0077.jpg,30.8,0.5405,0.6091,0.2,0.88,9,2,False,False
80,frame_0006.jpg,2.4,0.5399,0.4998,0.3,1.0,5,3,False,False
81,frame_0089.jpg,35.6,0.5361,0.7322,0.3,0.4,8,3,False,False
82,frame_0285.jpg,114.0,0.5355,0.6511,0.3,0.6,6,3,False,False
83,frame_0132.jpg,52.8,0.535,0.49,0.3,1.0,6,3,False,False
84,frame_0308.jpg,123.2,0.5347,0.7054,0.5,0.16,8,5,False,False
85,frame_0317.jpg,126.8,0.5347,0.7494,0.4,0.2,9,4,False,False
86,frame_0069.jpg,27.6,0.5335,0.607,0.1,1.0,8,1,False,False
87,frame_0282.jpg,112.8,0.5335,0.575,0.5,0.48,6,5,False,False
88,frame_0368.jpg,147.2,0.5334,0.6309,0.7,0.04,9,7,False,False
89,frame_0200.jpg,80.0,0.5322,0.7364,0.2,0.52,2,2,False,False
90,frame_0021.jpg,8.4,0.5312,0.4223,0.4,1.0,7,4,False,False
91,frame_0290.jpg,116.0,0.5298,0.4995,0.4,0.8,7,4,False,False
92,frame_0215.jpg,86.0,0.5283,0.5646,0.5,0.48,5,5,False,False
93,frame_0179.jpg,71.6,0.5252,0.5223,0.8,0.12,9,8,False,False
94,frame_0094.jpg,37.6,0.525,0.67,0.5,0.2,7,5,False,False
95,frame_0079.jpg,31.6,0.5244,0.5488,0.3,0.8,8,3,False,False
96,frame_0128.jpg,51.2,0.5239,0.5917,0.2,0.84,7,2,False,False
97,frame_0004.jpg,1.6,0.5234,0.4669,0.3,1.0,6,3,False,False
98,frame_0108.jpg,43.2,0.5231,0.6102,0.7,0.04,12,7,False,False
99,frame_0017.jpg,6.8,0.5226,0.4652,0.3,1.0,4,3,False,False
100,frame_0398.jpg,159.2,0.5219,0.6478,0.5,0.24,8,5,False,False
101,frame_0279.jpg,111.6,0.5212,0.6584,0.4,0.36,6,4,False,False
102,frame_0088.jpg,35.2,0.5186,0.5012,0.6,0.44,8,6,False,False
103,frame_0300.jpg,120.0,0.5145,0.657,0.3,0.48,8,3,False,False
104,frame_0118.jpg,47.2,0.5138,0.5516,0.5,0.44,9,5,False,False
105,frame_0005.jpg,2.0,0.5135,0.507,0.2,1.0,7,2,False,False
106,frame_0387.jpg,154.8,0.5134,0.6468,0.5,0.2,9,5,False,False
107,frame_0029.jpg,11.6,0.5121,0.5043,0.2,1.0,5,2,False,False
108,frame_0121.jpg,48.4,0.5108,0.6176,0.3,0.56,5,3,False,False
109,frame_0319.jpg,127.6,0.5107,0.6693,0.4,0.28,10,4,False,False
110,frame_0278.jpg,111.2,0.5102,0.5923,0.5,0.32,8,5,False,False
111,frame_0389.jpg,155.6,0.5094,0.6708,0.5,0.12,11,5,False,False
112,frame_0120.jpg,48.0,0.5055,0.623,0.3,0.52,6,3,False,False
113,frame_0119.jpg,47.6,0.5037,0.5155,0.5,0.48,7,5,False,False
114,frame_0109.jpg,43.6,0.5015,0.6709,0.5,0.08,10,5,False,False
115,frame_0116.jpg,46.4,0.5012,0.5584,0.5,0.36,9,5,False,False
116,frame_0332.jpg,132.8,0.5003,0.6846,0.5,0.04,10,5,False,False
117,frame_0014.jpg,5.6,0.4995,0.419,0.3,1.0,5,3,False,False
118,frame_0221.jpg,88.4,0.4982,0.5405,0.6,0.24,6,6,False,False
119,frame_0124.jpg,49.6,0.497,0.602,0.2,0.68,7,2,False,False
120,frame_0185.jpg,74.0,0.4967,0.6613,0.5,0.08,9,5,False,False
121,frame_0274.jpg,109.6,0.4935,0.7429,0.3,0.16,9,3,False,False
122,frame_0096.jpg,38.4,0.4923,0.7566,0.3,0.12,7,3,False,False
123,frame_0230.jpg,92.0,0.4922,0.5764,0.6,0.12,10,6,False,False
124,frame_0225.jpg,90.0,0.492,0.7721,0.3,0.08,8,3,False,False
125,frame_0273.jpg,109.2,0.4917,0.6354,0.5,0.12,7,5,False,False
126,frame_0333.jpg,133.2,0.491,0.71,0.4,0.08,10,4,False,False
127,frame_0023.jpg,9.2,0.4902,0.4603,0.2,1.0,3,2,False,False
128,frame_0028.jpg,11.2,0.4902,0.4003,0.3,1.0,5,3,False,False
129,frame_0081.jpg,32.4,0.4896,0.5112,0.3,0.72,7,3,False,False
130,frame_0208.jpg,83.2,0.4885,0.433,0.4,0.76,5,4,False,False
131,frame_0011.jpg,4.4,0.4884,0.5169,0.1,1.0,4,1,False,False
132,frame_0310.jpg,124.0,0.4873,0.5826,0.6,0.08,7,6,False,False
133,frame_0373.jpg,149.2,0.4829,0.6018,0.5,0.16,8,5,False,False
134,frame_0396.jpg,158.4,0.4828,0.7215,0.3,0.16,9,3,False,False
135,frame_0320.jpg,128.0,0.4799,0.6239,0.4,0.24,8,4,False,False
136,frame_0173.jpg,69.2,0.4788,0.5736,0.4,0.36,7,4,False,False
137,frame_0288.jpg,115.2,0.4788,0.5497,0.2,0.72,10,2,False,False
138,frame_0379.jpg,151.6,0.4787,0.5814,0.6,0.04,9,6,False,False
139,frame_0287.jpg,114.8,0.4752,0.4983,0.3,0.68,7,3,False,False
140,frame_0307.jpg,122.8,0.4741,0.5681,0.5,0.2,7,5,False,False
141,frame_0022.jpg,8.8,0.4724,0.4248,0.2,1.0,5,2,False,False
142,frame_0299.jpg,119.6,0.4709,0.5538,0.3,0.52,9,3,False,False
143,frame_0083.jpg,33.2,0.4666,0.5571,0.2,0.64,3,2,False,False
144,frame_0314.jpg,125.6,0.4663,0.8406,0.1,0.08,8,1,False,False
145,frame_0177.jpg,70.8,0.4652,0.6704,0.3,0.2,6,3,False,False
146,frame_0125.jpg,50.0,0.4648,0.5217,0.2,0.72,7,2,False,False
147,frame_0204.jpg,81.6,0.4648,0.5376,0.2,0.68,4,2,False,False
148,frame_0280.jpg,112.0,0.4647,0.7093,0.1,0.4,5,1,False,False
149,frame_0384.jpg,153.6,0.4647,0.6254,0.4,0.16,8,4,False,False
150,frame_0223.jpg,89.2,0.4622,0.6204,0.4,0.16,8,4,False,False
151,frame_0171.jpg,68.4,0.4621,0.5081,0.4,0.44,6,4,False,False
152,frame_0321.jpg,128.4,0.4606,0.6012,0.4,0.2,7,4,False,False
153,frame_0025.jpg,10.0,0.4562,0.4525,0.1,1.0,3,1,False,False
154,frame_0115.jpg,46.0,0.4546,0.6013,0.3,0.32,6,3,False,False
155,frame_0219.jpg,87.6,0.451,0.6539,0.2,0.32,4,2,False,False
156,frame_0214.jpg,85.6,0.4501,0.5721,0.2,0.52,4,2,False,False
157,frame_0374.jpg,149.6,0.4495,0.6389,0.3,0.2,10,3,False,False
158,frame_0222.jpg,88.8,0.4479,0.5758,0.4,0.2,6,4,False,False
159,frame_0386.jpg,154.4,0.4477,0.5594,0.4,0.24,7,4,False,False
160,frame_0105.jpg,42.0,0.4468,0.6817,0.3,0.08,9,3,False,False
161,frame_0327.jpg,130.8,0.4464,0.6968,0.3,0.04,12,3,False,False
162,frame_0325.jpg,130.0,0.446,0.696,0.3,0.04,8,3,False,False
163,frame_0267.jpg,106.8,0.4454,0.6027,0.4,0.12,5,4,False,False
164,frame_0233.jpg,93.2,0.4439,0.5518,0.4,0.24,6,4,False,False
165,frame_0019.jpg,7.6,0.443,0.4259,0.1,1.0,2,1,False,False
166,frame_0213.jpg,85.2,0.443,0.4821,0.3,0.56,4,3,False,False
167,frame_0117.jpg,46.8,0.4383,0.5367,0.3,0.4,7,3,False,False
168,frame_0184.jpg,73.6,0.4371,0.6622,0.3,0.08,8,3,False,False
169,frame_0170.jpg,68.0,0.4363,0.5606,0.2,0.48,6,2,False,False
170,frame_0087.jpg,34.8,0.4361,0.5602,0.2,0.48,5,2,False,False
171,frame_0010.jpg,4.0,0.4359,0.4117,0.1,1.0,3,1,False,False
172,frame_0114.jpg,45.6,0.4352,0.6384,0.2,0.28,7,2,False,False
173,frame_0289.jpg,115.6,0.435,0.4459,0.2,0.76,7,2,False,False
174,frame_0315.jpg,126.0,0.4342,0.5804,0.4,0.12,7,4,False,False
175,frame_0100.jpg,40.0,0.4302,0.6044,0.4,0.04,7,4,False,False
176,frame_0370.jpg,148.0,0.4285,0.601,0.4,0.04,10,4,False,False
177,frame_0324.jpg,129.6,0.4257,0.5794,0.4,0.08,8,4,False,False
178,frame_0082.jpg,32.8,0.4256,0.3993,0.3,0.68,6,3,False,False
179,frame_0027.jpg,10.8,0.4245,0.329,0.2,1.0,7,2,False,False
180,frame_0209.jpg,83.6,0.4215,0.435,0.2,0.72,5,2,False,False
181,frame_0322.jpg,128.8,0.4213,0.5986,0.3,0.16,9,3,False,False
182,frame_0009.jpg,3.6,0.4183,0.3765,0.1,1.0,2,1,False,False
183,frame_0172.jpg,68.8,0.4152,0.4304,0.4,0.4,6,4,False,False
184,frame_0101.jpg,40.4,0.4136,0.6152,0.3,0.08,6,3,False,False
185,frame_0085.jpg,34.0,0.4129,0.4218,0.3,0.56,6,3,False,False
186,frame_0205.jpg,82.0,0.4127,0.4175,0.2,0.72,3,2,False,False
187,frame_0201.jpg,80.4,0.4115,0.4791,0.2,0.56,3,2,False,False
188,frame_0210.jpg,84.0,0.4108,0.4895,0.1,0.68,2,1,False,False
189,frame_0296.jpg,118.4,0.4107,0.3854,0.3,0.64,6,3,False,False
190,frame_0323.jpg,129.2,0.4073,0.5265,0.4,0.12,8,4,False,False
191,frame_0192.jpg,76.8,0.4054,0.6109,0.2,0.2,6,2,False,False
192,frame_0194.jpg,77.6,0.405,0.458,0.4,0.28,6,4,False,False
193,frame_0093.jpg,37.2,0.4044,0.5328,0.3,0.24,7,3,False,False
194,frame_0393.jpg,157.2,0.4032,0.5504,0.4,0.04,5,4,False,False
195,frame_0090.jpg,36.0,0.4026,0.4812,0.3,0.36,5,3,False,False
196,frame_0112.jpg,44.8,0.4023,0.5446,0.3,0.2,5,3,False,False
197,frame_0232.jpg,92.8,0.4018,0.5436,0.3,0.2,6,3,False,False
198,frame_0084.jpg,33.6,0.398,0.4959,0.1,0.6,3,1,False,False
199,frame_0228.jpg,91.2,0.3949,0.5938,0.3,0.04,9,3,False,False
200,frame_0399.jpg,159.6,0.3881,0.5441,0.2,0.28,6,2,False,False
201,frame_0176.jpg,70.4,0.3875,0.499,0.3,0.24,8,3,False,False
202,frame_0098.jpg,39.2,0.387,0.6379,0.2,0.04,8,2,False,False
203,frame_0381.jpg,152.4,0.3852,0.5745,0.3,0.04,10,3,False,False
204,frame_0391.jpg,156.4,0.3852,0.4544,0.5,0.04,10,5,False,False
205,frame_0281.jpg,112.4,0.3845,0.4729,0.2,0.44,6,2,False,False
206,frame_0295.jpg,118.0,0.3805,0.4289,0.1,0.68,6,1,False,False
207,frame_0097.jpg,38.8,0.3802,0.4884,0.4,0.08,7,4,False,False
208,frame_0217.jpg,86.8,0.3794,0.4187,0.3,0.4,4,3,False,False
209,frame_0102.jpg,40.8,0.3788,0.4696,0.4,0.12,6,4,False,False
210,frame_0203.jpg,81.2,0.3766,0.3772,0.2,0.64,5,2,False,False
211,frame_0383.jpg,153.2,0.3749,0.4617,0.4,0.12,6,4,False,False
212,frame_0183.jpg,73.2,0.3748,0.6136,0.2,0.04,5,2,False,False
213,frame_0309.jpg,123.6,0.3687,0.5094,0.3,0.12,7,3,False,False
214,frame_0104.jpg,41.6,0.3682,0.5084,0.3,0.12,7,3,False,False
215,frame_0174.jpg,69.6,0.3681,0.5482,0.1,0.32,7,1,False,False
216,frame_0206.jpg,82.4,0.3669,0.3698,0.1,0.76,3,1,False,False
217,frame_0385.jpg,154.0,0.366,0.412,0.4,0.2,6,4,False,False
218,frame_0198.jpg,79.2,0.3654,0.4947,0.1,0.44,4,1,False,False
219,frame_0195.jpg,78.0,0.3635,0.4191,0.3,0.32,3,3,False,False
220,frame_0188.jpg,75.2,0.3618,0.5276,0.3,0.04,10,3,False,False
221,frame_0216.jpg,86.4,0.3607,0.4254,0.2,0.44,5,2,False,False
222,frame_0305.jpg,122.0,0.3606,0.4893,0.2,0.28,6,2,False,False
223,frame_0211.jpg,84.4,0.36,0.344,0.2,0.64,4,2,False,False
224,frame_0269.jpg,107.6,0.3585,0.5209,0.3,0.04,8,3,False,False
225,frame_0106.jpg,42.4,0.3571,0.5182,0.3,0.04,9,3,False,False
226,frame_0330.jpg,132.0,0.3567,0.5774,0.2,0.04,9,2,False,False
227,frame_0181.jpg,72.4,0.3543,0.5126,0.3,0.04,6,3,False,False
228,frame_0012.jpg,4.8,0.3541,0.2482,0.1,1.0,5,1,False,False
229,frame_0189.jpg,75.6,0.3526,0.5531,0.2,0.08,5,2,False,False
230,frame_0024.jpg,9.6,0.3521,0.3042,0.0,1.0,4,0,False,False
231,frame_0092.jpg,36.8,0.3508,0.4096,0.3,0.28,7,3,False,False
232,frame_0226.jpg,90.4,0.3498,0.5637,0.2,0.04,7,2,False,False
233,frame_0110.jpg,44.0,0.3467,0.4654,0.3,0.12,4,3,False,False
234,frame_0371.jpg,148.4,0.3403,0.4686,0.3,0.08,9,3,False,False
235,frame_0199.jpg,79.6,0.3401,0.3682,0.2,0.48,3,2,False,False
236,frame_0020.jpg,8.0,0.3394,0.2188,0.1,1.0,4,1,False,False
237,frame_0212.jpg,84.8,0.3391,0.3182,0.2,0.6,5,2,False,False
238,frame_0394.jpg,157.6,0.3369,0.4618,0.3,0.08,7,3,False,False
239,frame_0218.jpg,87.2,0.3314,0.3989,0.2,0.36,5,2,False,False
240,frame_0197.jpg,78.8,0.3295,0.4989,0.0,0.4,2,0,False,False
241,frame_0311.jpg,124.4,0.3276,0.4591,0.3,0.04,8,3,False,False
242,frame_0180.jpg,72.0,0.3262,0.3804,0.4,0.08,8,4,False,False
243,frame_0091.jpg,36.4,0.318,0.3881,0.2,0.32,6,2,False,False
244,frame_0220.jpg,88.0,0.3112,0.4504,0.1,0.28,5,1,False,False
245,frame_0224.jpg,89.6,0.3105,0.453,0.2,0.12,8,2,False,False
246,frame_0382.jpg,152.8,0.3089,0.4657,0.2,0.08,7,2,False,False
247,frame_0306.jpg,122.4,0.3015,0.4471,0.1,0.24,7,1,False,False
248,frame_0313.jpg,125.2,0.2838,0.4916,0.1,0.04,7,1,False,False
249,frame_0372.jpg,148.8,0.2705,0.433,0.1,0.12,6,1,False,False
250,frame_0191.jpg,76.4,0.2692,0.2944,0.3,0.16,5,3,False,False
251,frame_0196.jpg,78.4,0.2665,0.3889,0.0,0.36,3,0,False,False
252,frame_0103.jpg,41.2,0.2632,0.4025,0.1,0.16,6,1,False,False
253,frame_0111.jpg,44.4,0.2579,0.3917,0.1,0.16,5,1,False,False
254,frame_0272.jpg,108.8,0.2365,0.3811,0.1,0.08,7,1,False,False
255,frame_0190.jpg,76.0,0.2302,0.4125,0.0,0.12,3,0,False,False
256,frame_0271.jpg,108.4,0.2175,0.3589,0.1,0.04,5,1,False,False
